Generation,Best_Fitness,Avg_Fitness,Num_Agents,Epsilon
1,-138.27263187823837,-156.99918218858005,5,0.1
2,-97.4166014161915,-209.3642354321565,5,0.1
